{"name":"AppointmentType","identifier":"SJMWTED7MO","description":null,"slotTypeName":"AppointmentType","obfuscationSetting":null,"valueElicitationSetting":{"slotConstraint":"Required","defaultValueSpecification":null,"sampleUtterances":null,"promptSpecification":{"maxRetries":4,"allowInterrupt":true,"messageGroupsList":[{"message":{"ssmlMessage":null,"customPayload":null,"plainTextMessage":{"value":"What type of appointment would you like to set? New Account, or New Loan?"},"imageResponseCard":null},"variations":null}],"messageSelectionStrategy":"Random"},"waitAndContinueSpecification":null},"multipleValuesSetting":null}