{"name":"YES","identifier":"H7JLS7WMPG","description":null,"parentIntentSignature":null,"sampleUtterances":[{"utterance":"yes"},{"utterance":"sure"},{"utterance":"for sure"},{"utterance":"absolutely"},{"utterance":"affirmative"}],"intentConfirmationSetting":null,"intentClosingSetting":{"isActive":true,"closingResponse":{"allowInterrupt":true,"messageGroupsList":[{"message":{"imageResponseCard":null,"ssmlMessage":null,"customPayload":null,"plainTextMessage":{"value":"Okay"}},"variations":null}]}},"inputContexts":null,"outputContexts":null,"kendraConfiguration":null,"dialogCodeHook":null,"fulfillmentCodeHook":null,"slotPriorities":[]}