{"name":"NO","identifier":"VXFQOPWFFA","description":null,"parentIntentSignature":null,"sampleUtterances":[{"utterance":"no"},{"utterance":"no way"},{"utterance":"agent"},{"utterance":"customer service"},{"utterance":"operator"},{"utterance":"supervisor"}],"intentConfirmationSetting":null,"intentClosingSetting":{"isActive":true,"closingResponse":{"allowInterrupt":true,"messageGroupsList":[{"message":{"imageResponseCard":null,"ssmlMessage":null,"customPayload":null,"plainTextMessage":{"value":"Okay"}},"variations":null}]}},"inputContexts":null,"outputContexts":null,"kendraConfiguration":null,"dialogCodeHook":null,"fulfillmentCodeHook":null,"slotPriorities":[]}