{"name":"ScheduleAppointment","identifier":"OYKJPXVPQL","description":null,"parentIntentSignature":null,"sampleUtterances":[{"utterance":"I would like to schedule an appointment"},{"utterance":"I would like to open a new account"},{"utterance":"I would like to get a new loan"},{"utterance":"make an appointment"}],"intentConfirmationSetting":{"isActive":true,"declinationResponse":{"allowInterrupt":true,"messageGroupsList":[{"message":{"ssmlMessage":null,"customPayload":null,"plainTextMessage":{"value":"Okay. Your request will be submitted."},"imageResponseCard":null},"variations":null}]},"promptSpecification":{"maxRetries":4,"allowInterrupt":true,"messageGroupsList":[{"message":{"ssmlMessage":null,"customPayload":null,"plainTextMessage":{"value":"Thanks {FirstName}. {Time} on {Date} is available for a {AppointmentType} appointment. Should I go ahead and book your appointment?"},"imageResponseCard":null},"variations":null}],"messageSelectionStrategy":"Random"}},"intentClosingSetting":null,"inputContexts":null,"outputContexts":null,"kendraConfiguration":null,"dialogCodeHook":null,"fulfillmentCodeHook":{"fulfillmentUpdatesSpecification":null,"postFulfillmentStatusSpecification":{"failureResponse":{"allowInterrupt":true,"messageGroupsList":[{"message":{"ssmlMessage":null,"customPayload":null,"plainTextMessage":{"value":"Ok. Let's try again."},"imageResponseCard":null},"variations":null}]},"timeoutResponse":null,"successResponse":{"allowInterrupt":true,"messageGroupsList":[{"message":{"ssmlMessage":null,"customPayload":null,"plainTextMessage":{"value":"Your request has been completed successfully. We will contact you at the phone number you provided 24-hours prior to your appointment as a reminder. See you at your appointment."},"imageResponseCard":null},"variations":null}]}},"enabled":false},"slotPriorities":[{"priority":6,"slotName":"Time"},{"priority":3,"slotName":"LastName"},{"priority":4,"slotName":"TelNumber"},{"priority":5,"slotName":"Date"},{"priority":2,"slotName":"FirstName"},{"priority":1,"slotName":"AppointmentType"}]}