{"name":"English (India)","identifier":"en_IN","version":null,"description":null,"voiceSettings":{"engine":"neural","voiceId":"Kajal"},"nluConfidenceThreshold":0.4,"generativeAISettings":{"buildtimeSettings":{"descriptiveBotBuilderSpecification":{"enabled":true,"bedrockModelSpecification":{"modelArn":"arn:aws:bedrock:us-west-2::foundation-model/anthropic.claude-v2","customPrompt":null,"bedrockGuardrailConfiguration":null,"bedrockTraceStatus":null}},"sampleUtteranceGenerationSpecification":null},"runtimeSettings":null}}