{"name":"FirstName","identifier":"NMRJLX4BOA","description":null,"slotTypeName":"AMAZON.FirstName","obfuscationSetting":null,"valueElicitationSetting":{"slotConstraint":"Required","defaultValueSpecification":null,"sampleUtterances":null,"promptSpecification":{"maxRetries":4,"allowInterrupt":true,"messageGroupsList":[{"message":{"ssmlMessage":null,"customPayload":null,"plainTextMessage":{"value":"What is your First Name?"},"imageResponseCard":null},"variations":null}],"messageSelectionStrategy":"Random"},"waitAndContinueSpecification":null},"multipleValuesSetting":null}