{"name":"LastName","identifier":"EY4VIJAB7E","description":null,"slotTypeName":"AMAZON.LastName","obfuscationSetting":null,"valueElicitationSetting":{"slotConstraint":"Required","defaultValueSpecification":null,"sampleUtterances":null,"promptSpecification":{"maxRetries":4,"allowInterrupt":true,"messageGroupsList":[{"message":{"ssmlMessage":null,"customPayload":null,"plainTextMessage":{"value":"What is your Last Name?"},"imageResponseCard":null},"variations":null}],"messageSelectionStrategy":"Random"},"waitAndContinueSpecification":null},"multipleValuesSetting":null}