{"name":"AccountManagement","identifier":"NJBCFJDKBW","description":null,"parentIntentSignature":null,"sampleUtterances":[{"utterance":"I would like to manage my account"},{"utterance":"I have a question about my account"},{"utterance":"I need to transfer money from an account"},{"utterance":"I would like to know my account balance"},{"utterance":"agent"},{"utterance":"customer service"},{"utterance":"get me out of here"},{"utterance":"help"}],"intentConfirmationSetting":null,"intentClosingSetting":null,"inputContexts":null,"outputContexts":null,"kendraConfiguration":null,"dialogCodeHook":null,"fulfillmentCodeHook":null,"slotPriorities":[]}