{"name":"Date","identifier":"M9CGCV2UEI","description":null,"slotTypeName":"AMAZON.Date","obfuscationSetting":null,"valueElicitationSetting":{"slotConstraint":"Required","defaultValueSpecification":null,"sampleUtterances":null,"promptSpecification":{"maxRetries":4,"allowInterrupt":true,"messageGroupsList":[{"message":{"ssmlMessage":null,"customPayload":null,"plainTextMessage":{"value":"What day or date would you like to schedule an appointment for?"},"imageResponseCard":null},"variations":null}],"messageSelectionStrategy":"Random"},"waitAndContinueSpecification":null},"multipleValuesSetting":null}