{"name":"Time","identifier":"5VBP1H1D1E","description":null,"slotTypeName":"AMAZON.Time","obfuscationSetting":null,"valueElicitationSetting":{"slotConstraint":"Required","defaultValueSpecification":null,"sampleUtterances":null,"promptSpecification":{"maxRetries":4,"allowInterrupt":true,"messageGroupsList":[{"message":{"ssmlMessage":null,"customPayload":null,"plainTextMessage":{"value":"What time would you like to request for your appointment?"},"imageResponseCard":null},"variations":null}],"messageSelectionStrategy":"Random"},"waitAndContinueSpecification":null},"multipleValuesSetting":null}